cluster,lat,lon,n,stress,injury_n,vru_n,location,cross
6,40.746101,-74.258962,30,42.0,3,3,ROUTE 510,VOSE AVE
0,40.747508,-74.263497,24,34.0,5,0,ROUTE 510,MAPLEWOOD AVENUE
29,40.743535,-74.260572,20,28.0,4,0,ESSEX COUNTY 638,THIRD ST
16,40.744886,-74.259405,14,26.0,4,2,ESSEX COUNTY 638,1ST ST
2,40.740296,-74.252832,12,26.0,5,2,ESSEX COUNTY 665,RADEL TER
26,40.744678,-74.248458,9,21.0,5,1,ROUTE 510,RADEL TER
10,40.745955,-74.242453,14,20.0,2,1,ROUTE 510,CENTRE ST / TURRELL AVE
4,40.74585,-74.2579,12,18.0,2,1,ESSEX COUNTY 638,CR 638 / SCOTLAND RD / VALLEY ST
9,40.744241,-74.256177,6,18.0,4,2,ESSEX COUNTY 665,PROSPECT ST
7,40.746101,-74.260042,18,18.0,0,0,SLOAN ST,ROUTE 510
5,40.747896,-74.271902,10,16.0,3,0,ROUTE 510,ROUTE 577 / N WYOMING AVE
39,40.745458,-74.25669,8,14.0,1,1,ROUTE 510,ACADEMY STREET
15,40.746682,-74.260911,9,13.0,1,1,ROUTE 510,SLOAN ST
3,40.747476,-74.273693,9,13.0,2,0,ROUTE 510,ROUTE 577
28,40.745303,-74.255463,10,12.0,1,0,ROUTE 510,PROSPECT ST
43,40.745032,-74.252515,6,12.0,2,1,ROUTE 510,GROVE RD
13,40.751743,-74.26842,6,12.0,2,1,ROUTE 577,Rt 577 (North Wyoming Avenue)
20,40.745248,-74.257152,5,11.0,2,1,ESSEX COUNTY 665,ACADEMY ST
21,40.744798,-74.250167,6,10.0,2,0,Rt 510 (South Orange Avenue),FAIRVIEW AVE
1,40.742412,-74.261637,7,9.0,1,0,ESSEX COUNTY 638,4TH ST
49,40.738229,-74.255173,3,9.0,2,1,MONTAGUE PL,MONTAGUE PL
38,40.747875,-74.256052,3,9.0,2,1,ESSEX COUNTY 638,RALSTON AVE
25,40.746464,-74.257399,3,9.0,2,1,ESSEX COUNTY 638,TAYLOR PL
24,40.744171,-74.261769,5,9.0,1,1,Third Street,Sloan Street
30,40.742378,-74.250708,4,8.0,2,0,GARDNER AVE,RADEL TER
45,40.746698,-74.264257,6,8.0,1,0,FOREST/MAPLEWD/N-S RIDGEWD/S VALLEY/VALLEY/WALTON,CONWAY CT
19,40.748459,-74.240988,7,7.0,0,0,CENTRE STREET,CENTRE ST
14,40.744884,-74.250927,3,7.0,2,0,ROUTE 510,PARK PL
12,40.75827,-74.257326,3,7.0,2,0,FOREST/MAPLEWD/N-S RIDGEWD/S VALLEY/VALLEY/WALTON,WALNUT CT
23,40.739499,-74.252549,3,7.0,2,0,ESSEX COUNTY 665,COLLEGE PL
50,40.751821,-74.2386,3,7.0,2,0,CENTRE STREET,Centre Street
35,40.742056,-74.254305,7,7.0,0,0,ESSEX COUNTY 665,TIECHNOR AVE
51,40.74914,-74.256898,4,6.0,1,0,MEAD ST,MEAD ST
27,40.745814,-74.265004,4,6.0,1,0,THIRD ST,S RIDGEDALE RD
11,40.744178,-74.260012,6,6.0,0,0,ESSEX COUNTY 638,2ND ST
18,40.745828,-74.275142,4,6.0,1,0,ROUTE 577,LENOX AVE
41,40.738548,-74.25206,4,6.0,1,0,ESSEX COUNTY 665,SETON PL
17,40.749527,-74.255151,5,5.0,0,0,ESSEX COUNTY 638,RAYMOND AVE
31,40.743573,-74.258672,3,5.0,1,0,ACADEMY ST,2ND ST
47,40.748703,-74.267487,3,5.0,1,0,ROUTE 510,BRIAR CT
36,40.740464,-74.261214,3,5.0,1,0,ACADEMY ST,5TH ST
37,40.74493,-74.251518,4,4.0,0,0,ROUTE 510,TIECHNOR AVE
8,40.745929,-74.241808,3,3.0,0,0,Rt 510 (South Orange Avenue),Centre Street
22,40.750807,-74.261378,3,3.0,0,0,HIGHLAND RD / MEAD ST **,N RIDGEWOOD RD
34,40.755226,-74.25197,3,3.0,0,0,MONTROSE AVE,VOSE LA
33,40.752664,-74.252099,3,3.0,0,0,ESSEX COUNTY 638,HARRISON CT
32,40.74283,-74.261347,3,3.0,0,0,ESSEX COUNTY 638,4TH ST
40,40.754492,-74.250787,3,3.0,0,0,ESSEX COUNTY 638,ESSEX COUNTY 638
42,40.746259,-74.261193,3,3.0,0,0,1 TRENCHARD PLACE,ROUTE 510
44,40.74057,-74.252983,3,3.0,0,0,ESSEX COUNTY 665,RADEL TER
46,40.748159,-74.24115,3,3.0,0,0,CENTRE STREET,MONTROSE AVE
48,40.745564,-74.260305,3,3.0,0,0,FIRST ST,FIRST ST
